{
  "isone_web_services": {
    "day_ahead_reserves": {
      "market_day": "2025-10-01T00:00:00.000-04:00",
      "day_ahead_reserve": [
        {
          "market_hour": {
            "gmt_begin_date": "2025-10-01T00:00:00.000-04:00",
            "local_day": "2025-10-01T00:00:00.000-04:00",
            "local_hour_end": "01"
          },
          "ten_min_spin_req_mw": 373.5,
          "total_ten_min_req_mw": 1494.0,
          "total_thirty_min_req_mw": 2264.0,
          "forecasted_energy_req_mw": 10320.0,
          "tmsr_clearing_price": 5.58,
          "tmnsr_clearing_price": 5.58,
          "tmor_clearing_price": 5.58,
          "fer_clearing_price": 5.58,
          "tmsr_designation_mw": 891.5,
          "tmnsr_designation_mw": 1641.0,
          "tmor_designation_mw": 2264.0,
          "eir_designation_mw": 568.6
        },
        {
          "market_hour": {
            "gmt_begin_date": "2025-10-01T00:00:00.000-04:00",
            "local_day": "2025-10-01T01:00:00.000-04:00",
            "local_hour_end": "02"
          },
          "ten_min_spin_req_mw": 373.5,
          "total_ten_min_req_mw": 1494.0,
          "total_thirty_min_req_mw": 2264.0,
          "forecasted_energy_req_mw": 9740.0,
          "tmsr_clearing_price": 1.99,
          "tmnsr_clearing_price": 1.99,
          "tmor_clearing_price": 1.99,
          "fer_clearing_price": 1.99,
          "tmsr_designation_mw": 857.0,
          "tmnsr_designation_mw": 1606.5,
          "tmor_designation_mw": 2264.0,
          "eir_designation_mw": 433.4
        },
        {
          "market_hour": {
            "gmt_begin_date": "2025-10-01T00:00:00.000-04:00",
            "local_day": "2025-10-01T02:00:00.000-04:00",
            "local_hour_end": "03"
          },
          "ten_min_spin_req_mw": 373.5,
          "total_ten_min_req_mw": 1494.0,
          "total_thirty_min_req_mw": 2264.0,
          "forecasted_energy_req_mw": 9460.0,
          "tmsr_clearing_price": 1.99,
          "tmnsr_clearing_price": 1.99,
          "tmor_clearing_price": 1.99,
          "fer_clearing_price": 1.99,
          "tmsr_designation_mw": 907.8,
          "tmnsr_designation_mw": 1657.3,
          "tmor_designation_mw": 2264.0,
          "eir_designation_mw": 428.3
        },
        {
          "market_hour": {
            "gmt_begin_date": "2025-10-01T00:00:00.000-04:00",
            "local_day": "2025-10-01T03:00:00.000-04:00",
            "local_hour_end": "04"
          },
          "ten_min_spin_req_mw": 373.5,
          "total_ten_min_req_mw": 1494.0,
          "total_thirty_min_req_mw": 2264.0,
          "forecasted_energy_req_mw": 9330.0,
          "tmsr_clearing_price": 1.99,
          "tmnsr_clearing_price": 1.99,
          "tmor_clearing_price": 1.99,
          "fer_clearing_price": 1.99,
          "tmsr_designation_mw": 910.3,
          "tmnsr_designation_mw": 1654.4,
          "tmor_designation_mw": 2264.0,
          "eir_designation_mw": 414.7
        },
        {
          "market_hour": {
            "gmt_begin_date": "2025-10-01T00:00:00.000-04:00",
            "local_day": "2025-10-01T04:00:00.000-04:00",
            "local_hour_end": "05"
          },
          "ten_min_spin_req_mw": 373.5,
          "total_ten_min_req_mw": 1494.0,
          "total_thirty_min_req_mw": 2264.0,
          "forecasted_energy_req_mw": 9570.0,
          "tmsr_clearing_price": 1.99,
          "tmnsr_clearing_price": 1.99,
          "tmor_clearing_price": 1.99,
          "fer_clearing_price": 1.99,
          "tmsr_designation_mw": 833.5,
          "tmnsr_designation_mw": 1546.6,
          "tmor_designation_mw": 2264.0,
          "eir_designation_mw": 290.0
        },
        {
          "market_hour": {
            "gmt_begin_date": "2025-10-01T00:00:00.000-04:00",
            "local_day": "2025-10-01T05:00:00.000-04:00",
            "local_hour_end": "06"
          },
          "ten_min_spin_req_mw": 373.2,
          "total_ten_min_req_mw": 1492.8,
          "total_thirty_min_req_mw": 2262.8,
          "forecasted_energy_req_mw": 10380.0,
          "tmsr_clearing_price": 2.64,
          "tmnsr_clearing_price": 2.64,
          "tmor_clearing_price": 2.64,
          "fer_clearing_price": 2.64,
          "tmsr_designation_mw": 831.1,
          "tmnsr_designation_mw": 1578.3,
          "tmor_designation_mw": 2262.8,
          "eir_designation_mw": 381.3
        },
        {
          "market_hour": {
            "gmt_begin_date": "2025-10-01T00:00:00.000-04:00",
            "local_day": "2025-10-01T06:00:00.000-04:00",
            "local_hour_end": "07"
          },
          "ten_min_spin_req_mw": 373.2,
          "total_ten_min_req_mw": 1492.8,
          "total_thirty_min_req_mw": 2262.8,
          "forecasted_energy_req_mw": 11710.0,
          "tmsr_clearing_price": 27.35,
          "tmnsr_clearing_price": 27.35,
          "tmor_clearing_price": 27.35,
          "fer_clearing_price": 27.35,
          "tmsr_designation_mw": 613.4,
          "tmnsr_designation_mw": 1843.9,
          "tmor_designation_mw": 2262.8,
          "eir_designation_mw": 249.1
        },
        {
          "market_hour": {
            "gmt_begin_date": "2025-10-01T00:00:00.000-04:00",
            "local_day": "2025-10-01T07:00:00.000-04:00",
            "local_hour_end": "08"
          },
          "ten_min_spin_req_mw": 373.2,
          "total_ten_min_req_mw": 1492.8,
          "total_thirty_min_req_mw": 2262.8,
          "forecasted_energy_req_mw": 12180.0,
          "tmsr_clearing_price": 20.17,
          "tmnsr_clearing_price": 20.17,
          "tmor_clearing_price": 20.17,
          "fer_clearing_price": 20.16,
          "tmsr_designation_mw": 472.7,
          "tmnsr_designation_mw": 1920.7,
          "tmor_designation_mw": 2262.8,
          "eir_designation_mw": 405.4
        },
        {
          "market_hour": {
            "gmt_begin_date": "2025-10-01T00:00:00.000-04:00",
            "local_day": "2025-10-01T08:00:00.000-04:00",
            "local_hour_end": "09"
          },
          "ten_min_spin_req_mw": 373.5,
          "total_ten_min_req_mw": 1494.0,
          "total_thirty_min_req_mw": 2264.0,
          "forecasted_energy_req_mw": 10810.0,
          "tmsr_clearing_price": 5.6,
          "tmnsr_clearing_price": 5.6,
          "tmor_clearing_price": 5.6,
          "fer_clearing_price": 2.33,
          "tmsr_designation_mw": 709.8,
          "tmnsr_designation_mw": 1562.8,
          "tmor_designation_mw": 2264.0,
          "eir_designation_mw": 192.7
        },
        {
          "market_hour": {
            "gmt_begin_date": "2025-10-01T00:00:00.000-04:00",
            "local_day": "2025-10-01T09:00:00.000-04:00",
            "local_hour_end": "10"
          },
          "ten_min_spin_req_mw": 373.5,
          "total_ten_min_req_mw": 1494.0,
          "total_thirty_min_req_mw": 2264.0,
          "forecasted_energy_req_mw": 9650.0,
          "tmsr_clearing_price": 2.73,
          "tmnsr_clearing_price": 2.73,
          "tmor_clearing_price": 2.73,
          "fer_clearing_price": 2.5,
          "tmsr_designation_mw": 760.8,
          "tmnsr_designation_mw": 1613.7,
          "tmor_designation_mw": 2264.0,
          "eir_designation_mw": 247.0
        },
        {
          "market_hour": {
            "gmt_begin_date": "2025-10-01T00:00:00.000-04:00",
            "local_day": "2025-10-01T10:00:00.000-04:00",
            "local_hour_end": "11"
          },
          "ten_min_spin_req_mw": 373.5,
          "total_ten_min_req_mw": 1494.0,
          "total_thirty_min_req_mw": 2264.0,
          "forecasted_energy_req_mw": 8860.0,
          "tmsr_clearing_price": 1.99,
          "tmnsr_clearing_price": 1.99,
          "tmor_clearing_price": 1.99,
          "fer_clearing_price": 0.74,
          "tmsr_designation_mw": 641.4,
          "tmnsr_designation_mw": 1494.0,
          "tmor_designation_mw": 2264.0,
          "eir_designation_mw": 91.7
        },
        {
          "market_hour": {
            "gmt_begin_date": "2025-10-01T00:00:00.000-04:00",
            "local_day": "2025-10-01T11:00:00.000-04:00",
            "local_hour_end": "12"
          },
          "ten_min_spin_req_mw": 373.5,
          "total_ten_min_req_mw": 1494.0,
          "total_thirty_min_req_mw": 2264.0,
          "forecasted_energy_req_mw": 8500.0,
          "tmsr_clearing_price": 2.0,
          "tmnsr_clearing_price": 2.0,
          "tmor_clearing_price": 1.99,
          "fer_clearing_price": 0.9,
          "tmsr_designation_mw": 641.4,
          "tmnsr_designation_mw": 1494.0,
          "tmor_designation_mw": 2264.0,
          "eir_designation_mw": 97.6
        },
        {
          "market_hour": {
            "gmt_begin_date": "2025-10-01T00:00:00.000-04:00",
            "local_day": "2025-10-01T12:00:00.000-04:00",
            "local_hour_end": "13"
          },
          "ten_min_spin_req_mw": 373.8,
          "total_ten_min_req_mw": 1495.2,
          "total_thirty_min_req_mw": 2265.2,
          "forecasted_energy_req_mw": 8440.0,
          "tmsr_clearing_price": 1.99,
          "tmnsr_clearing_price": 1.99,
          "tmor_clearing_price": 1.84,
          "fer_clearing_price": 0.94,
          "tmsr_designation_mw": 656.5,
          "tmnsr_designation_mw": 1495.2,
          "tmor_designation_mw": 2265.2,
          "eir_designation_mw": 83.9
        },
        {
          "market_hour": {
            "gmt_begin_date": "2025-10-01T00:00:00.000-04:00",
            "local_day": "2025-10-01T13:00:00.000-04:00",
            "local_hour_end": "14"
          },
          "ten_min_spin_req_mw": 373.8,
          "total_ten_min_req_mw": 1495.2,
          "total_thirty_min_req_mw": 2265.2,
          "forecasted_energy_req_mw": 8650.0,
          "tmsr_clearing_price": 2.0,
          "tmnsr_clearing_price": 2.0,
          "tmor_clearing_price": 1.99,
          "fer_clearing_price": 1.3,
          "tmsr_designation_mw": 642.8,
          "tmnsr_designation_mw": 1495.2,
          "tmor_designation_mw": 2265.2,
          "eir_designation_mw": 187.6
        },
        {
          "market_hour": {
            "gmt_begin_date": "2025-10-01T00:00:00.000-04:00",
            "local_day": "2025-10-01T14:00:00.000-04:00",
            "local_hour_end": "15"
          },
          "ten_min_spin_req_mw": 373.8,
          "total_ten_min_req_mw": 1495.2,
          "total_thirty_min_req_mw": 2265.2,
          "forecasted_energy_req_mw": 8960.0,
          "tmsr_clearing_price": 1.99,
          "tmnsr_clearing_price": 1.99,
          "tmor_clearing_price": 1.99,
          "fer_clearing_price": 1.99,
          "tmsr_designation_mw": 647.2,
          "tmnsr_designation_mw": 1499.5,
          "tmor_designation_mw": 2265.2,
          "eir_designation_mw": 320.4
        },
        {
          "market_hour": {
            "gmt_begin_date": "2025-10-01T00:00:00.000-04:00",
            "local_day": "2025-10-01T15:00:00.000-04:00",
            "local_hour_end": "16"
          },
          "ten_min_spin_req_mw": 373.8,
          "total_ten_min_req_mw": 1495.2,
          "total_thirty_min_req_mw": 2265.2,
          "forecasted_energy_req_mw": 9860.0,
          "tmsr_clearing_price": 5.66,
          "tmnsr_clearing_price": 5.66,
          "tmor_clearing_price": 5.66,
          "fer_clearing_price": 5.66,
          "tmsr_designation_mw": 762.4,
          "tmnsr_designation_mw": 1821.0,
          "tmor_designation_mw": 2265.2,
          "eir_designation_mw": 818.1
        },
        {
          "market_hour": {
            "gmt_begin_date": "2025-10-01T00:00:00.000-04:00",
            "local_day": "2025-10-01T16:00:00.000-04:00",
            "local_hour_end": "17"
          },
          "ten_min_spin_req_mw": 373.5,
          "total_ten_min_req_mw": 1494.0,
          "total_thirty_min_req_mw": 2264.0,
          "forecasted_energy_req_mw": 11220.0,
          "tmsr_clearing_price": 14.9,
          "tmnsr_clearing_price": 14.9,
          "tmor_clearing_price": 14.9,
          "fer_clearing_price": 14.9,
          "tmsr_designation_mw": 541.8,
          "tmnsr_designation_mw": 1739.3,
          "tmor_designation_mw": 2264.0,
          "eir_designation_mw": 553.5
        },
        {
          "market_hour": {
            "gmt_begin_date": "2025-10-01T00:00:00.000-04:00",
            "local_day": "2025-10-01T17:00:00.000-04:00",
            "local_hour_end": "18"
          },
          "ten_min_spin_req_mw": 373.5,
          "total_ten_min_req_mw": 1494.0,
          "total_thirty_min_req_mw": 2264.0,
          "forecasted_energy_req_mw": 13040.0,
          "tmsr_clearing_price": 10.66,
          "tmnsr_clearing_price": 10.66,
          "tmor_clearing_price": 10.66,
          "fer_clearing_price": 6.72,
          "tmsr_designation_mw": 513.1,
          "tmnsr_designation_mw": 1716.0,
          "tmor_designation_mw": 2264.0,
          "eir_designation_mw": 218.4
        },
        {
          "market_hour": {
            "gmt_begin_date": "2025-10-01T00:00:00.000-04:00",
            "local_day": "2025-10-01T18:00:00.000-04:00",
            "local_hour_end": "19"
          },
          "ten_min_spin_req_mw": 373.5,
          "total_ten_min_req_mw": 1494.0,
          "total_thirty_min_req_mw": 2264.0,
          "forecasted_energy_req_mw": 13800.0,
          "tmsr_clearing_price": 18.4,
          "tmnsr_clearing_price": 18.4,
          "tmor_clearing_price": 18.4,
          "fer_clearing_price": 9.96,
          "tmsr_designation_mw": 507.9,
          "tmnsr_designation_mw": 1710.9,
          "tmor_designation_mw": 2264.0,
          "eir_designation_mw": 245.2
        },
        {
          "market_hour": {
            "gmt_begin_date": "2025-10-01T00:00:00.000-04:00",
            "local_day": "2025-10-01T19:00:00.000-04:00",
            "local_hour_end": "20"
          },
          "ten_min_spin_req_mw": 373.5,
          "total_ten_min_req_mw": 1494.0,
          "total_thirty_min_req_mw": 2264.0,
          "forecasted_energy_req_mw": 13720.0,
          "tmsr_clearing_price": 19.24,
          "tmnsr_clearing_price": 19.24,
          "tmor_clearing_price": 19.24,
          "fer_clearing_price": 19.24,
          "tmsr_designation_mw": 569.4,
          "tmnsr_designation_mw": 1823.0,
          "tmor_designation_mw": 2264.0,
          "eir_designation_mw": 362.9
        },
        {
          "market_hour": {
            "gmt_begin_date": "2025-10-01T00:00:00.000-04:00",
            "local_day": "2025-10-01T20:00:00.000-04:00",
            "local_hour_end": "21"
          },
          "ten_min_spin_req_mw": 373.5,
          "total_ten_min_req_mw": 1494.0,
          "total_thirty_min_req_mw": 2264.0,
          "forecasted_energy_req_mw": 13230.0,
          "tmsr_clearing_price": 18.19,
          "tmnsr_clearing_price": 18.19,
          "tmor_clearing_price": 18.19,
          "fer_clearing_price": 18.19,
          "tmsr_designation_mw": 604.7,
          "tmnsr_designation_mw": 1783.6,
          "tmor_designation_mw": 2264.0,
          "eir_designation_mw": 352.0
        },
        {
          "market_hour": {
            "gmt_begin_date": "2025-10-01T00:00:00.000-04:00",
            "local_day": "2025-10-01T21:00:00.000-04:00",
            "local_hour_end": "22"
          },
          "ten_min_spin_req_mw": 373.5,
          "total_ten_min_req_mw": 1494.0,
          "total_thirty_min_req_mw": 2264.0,
          "forecasted_energy_req_mw": 12440.0,
          "tmsr_clearing_price": 7.98,
          "tmnsr_clearing_price": 7.98,
          "tmor_clearing_price": 7.98,
          "fer_clearing_price": 7.97,
          "tmsr_designation_mw": 697.2,
          "tmnsr_designation_mw": 1900.6,
          "tmor_designation_mw": 2264.0,
          "eir_designation_mw": 576.3
        },
        {
          "market_hour": {
            "gmt_begin_date": "2025-10-01T00:00:00.000-04:00",
            "local_day": "2025-10-01T22:00:00.000-04:00",
            "local_hour_end": "23"
          },
          "ten_min_spin_req_mw": 373.5,
          "total_ten_min_req_mw": 1494.0,
          "total_thirty_min_req_mw": 2264.0,
          "forecasted_energy_req_mw": 11420.0,
          "tmsr_clearing_price": 2.66,
          "tmnsr_clearing_price": 2.66,
          "tmor_clearing_price": 2.66,
          "fer_clearing_price": 2.66,
          "tmsr_designation_mw": 654.8,
          "tmnsr_designation_mw": 1858.3,
          "tmor_designation_mw": 2264.0,
          "eir_designation_mw": 644.8
        },
        {
          "market_hour": {
            "gmt_begin_date": "2025-10-01T00:00:00.000-04:00",
            "local_day": "2025-10-01T23:00:00.000-04:00",
            "local_hour_end": "24"
          },
          "ten_min_spin_req_mw": 373.5,
          "total_ten_min_req_mw": 1494.0,
          "total_thirty_min_req_mw": 2264.0,
          "forecasted_energy_req_mw": 10530.0,
          "tmsr_clearing_price": 4.78,
          "tmnsr_clearing_price": 4.78,
          "tmor_clearing_price": 4.78,
          "fer_clearing_price": 4.78,
          "tmsr_designation_mw": 756.5,
          "tmnsr_designation_mw": 1645.5,
          "tmor_designation_mw": 2264.0,
          "eir_designation_mw": 656.2
        }
      ]
    }
  }
}