{
  "FinalHourlyReservePrices": {
    "FinalHourlyReservePrice": [
      {
        "BeginDate": "2025-10-01T00:00:00.000-04:00",
        "ReserveZoneId": 7000,
        "ReserveZoneName": "ROS",
        "TenMinSpinRequirement": 373,
        "Total10MinRequirement": 1488.833,
        "Total30MinRequirement": 2256.917,
        "TmsrDesignatedMw": 711.783,
        "TmnsrDesignatedMw": 1107.775,
        "TmorDesignatedMw": 1731.858,
        "TmsrClearingPrice": 0,
        "TmnsrClearingPrice": 0,
        "TmorClearingPrice": 0
      },
      {
        "BeginDate": "2025-10-01T00:00:00.000-04:00",
        "ReserveZoneId": 7001,
        "ReserveZoneName": "SWCT",
        "TenMinSpinRequirement": 0,
        "Total10MinRequirement": 0,
        "Total30MinRequirement": 737.1,
        "TmsrDesignatedMw": 85.917,
        "TmnsrDesignatedMw": 300.8,
        "TmorDesignatedMw": 183.217,
        "TmsrClearingPrice": 0,
        "TmnsrClearingPrice": 0,
        "TmorClearingPrice": 0
      },
      {
        "BeginDate": "2025-10-01T00:00:00.000-04:00",
        "ReserveZoneId": 7002,
        "ReserveZoneName": "CT",
        "TenMinSpinRequirement": 0,
        "Total10MinRequirement": 0,
        "Total30MinRequirement": 885.45,
        "TmsrDesignatedMw": 202.183,
        "TmnsrDesignatedMw": 102.5,
        "TmorDesignatedMw": 194.333,
        "TmsrClearingPrice": 0,
        "TmnsrClearingPrice": 0,
        "TmorClearingPrice": 0
      },
      {
        "BeginDate": "2025-10-01T00:00:00.000-04:00",
        "ReserveZoneId": 7003,
        "ReserveZoneName": "NEMABSTN",
        "TenMinSpinRequirement": 0,
        "Total10MinRequirement": 0,
        "Total30MinRequirement": 1000,
        "TmsrDesignatedMw": 36.667,
        "TmnsrDesignatedMw": 65.8,
        "TmorDesignatedMw": 104.6,
        "TmsrClearingPrice": 0,
        "TmnsrClearingPrice": 0,
        "TmorClearingPrice": 0
      },
      {
        "BeginDate": "2025-10-01T01:00:00.000-04:00",
        "ReserveZoneId": 7000,
        "ReserveZoneName": "ROS",
        "TenMinSpinRequirement": 373.083,
        "Total10MinRequirement": 1489.5,
        "Total30MinRequirement": 2257.583,
        "TmsrDesignatedMw": 842.467,
        "TmnsrDesignatedMw": 1108,
        "TmorDesignatedMw": 1775.767,
        "TmsrClearingPrice": 0,
        "TmnsrClearingPrice": 0,
        "TmorClearingPrice": 0
      },
      {
        "BeginDate": "2025-10-01T01:00:00.000-04:00",
        "ReserveZoneId": 7001,
        "ReserveZoneName": "SWCT",
        "TenMinSpinRequirement": 0,
        "Total10MinRequirement": 0,
        "Total30MinRequirement": 673.192,
        "TmsrDesignatedMw": 221.933,
        "TmnsrDesignatedMw": 300.8,
        "TmorDesignatedMw": 246.7,
        "TmsrClearingPrice": 0,
        "TmnsrClearingPrice": 0,
        "TmorClearingPrice": 0
      },
      {
        "BeginDate": "2025-10-01T01:00:00.000-04:00",
        "ReserveZoneId": 7002,
        "ReserveZoneName": "CT",
        "TenMinSpinRequirement": 0,
        "Total10MinRequirement": 0,
        "Total30MinRequirement": 885.567,
        "TmsrDesignatedMw": 268.183,
        "TmnsrDesignatedMw": 102.5,
        "TmorDesignatedMw": 277.8,
        "TmsrClearingPrice": 0,
        "TmnsrClearingPrice": 0,
        "TmorClearingPrice": 0
      },
      {
        "BeginDate": "2025-10-01T01:00:00.000-04:00",
        "ReserveZoneId": 7003,
        "ReserveZoneName": "NEMABSTN",
        "TenMinSpinRequirement": 0,
        "Total10MinRequirement": 0,
        "Total30MinRequirement": 1000,
        "TmsrDesignatedMw": 41.1,
        "TmnsrDesignatedMw": 65.8,
        "TmorDesignatedMw": 105.775,
        "TmsrClearingPrice": 0,
        "TmnsrClearingPrice": 0,
        "TmorClearingPrice": 0
      },
      {
        "BeginDate": "2025-10-01T02:00:00.000-04:00",
        "ReserveZoneId": 7000,
        "ReserveZoneName": "ROS",
        "TenMinSpinRequirement": 372.917,
        "Total10MinRequirement": 1488.583,
        "Total30MinRequirement": 2256.75,
        "TmsrDesignatedMw": 1079.925,
        "TmnsrDesignatedMw": 1108.092,
        "TmorDesignatedMw": 1787.383,
        "TmsrClearingPrice": 0,
        "TmnsrClearingPrice": 0,
        "TmorClearingPrice": 0
      },
      {
        "BeginDate": "2025-10-01T02:00:00.000-04:00",
        "ReserveZoneId": 7001,
        "ReserveZoneName": "SWCT",
        "TenMinSpinRequirement": 0,
        "Total10MinRequirement": 0,
        "Total30MinRequirement": 657.667,
        "TmsrDesignatedMw": 314.217,
        "TmnsrDesignatedMw": 300.8,
        "TmorDesignatedMw": 288.758,
        "TmsrClearingPrice": 0,
        "TmnsrClearingPrice": 0,
        "TmorClearingPrice": 0
      },
      {
        "BeginDate": "2025-10-01T02:00:00.000-04:00",
        "ReserveZoneId": 7002,
        "ReserveZoneName": "CT",
        "TenMinSpinRequirement": 0,
        "Total10MinRequirement": 0,
        "Total30MinRequirement": 1283.183,
        "TmsrDesignatedMw": 308.85,
        "TmnsrDesignatedMw": 102.5,
        "TmorDesignatedMw": 294.142,
        "TmsrClearingPrice": 0,
        "TmnsrClearingPrice": 0,
        "TmorClearingPrice": 0
      },
      {
        "BeginDate": "2025-10-01T02:00:00.000-04:00",
        "ReserveZoneId": 7003,
        "ReserveZoneName": "NEMABSTN",
        "TenMinSpinRequirement": 0,
        "Total10MinRequirement": 0,
        "Total30MinRequirement": 1000,
        "TmsrDesignatedMw": 41.1,
        "TmnsrDesignatedMw": 65.8,
        "TmorDesignatedMw": 105.8,
        "TmsrClearingPrice": 0,
        "TmnsrClearingPrice": 0,
        "TmorClearingPrice": 0
      },
      {
        "BeginDate": "2025-10-01T03:00:00.000-04:00",
        "ReserveZoneId": 7000,
        "ReserveZoneName": "ROS",
        "TenMinSpinRequirement": 372.917,
        "Total10MinRequirement": 1488.5,
        "Total30MinRequirement": 2256.917,
        "TmsrDesignatedMw": 1271.95,
        "TmnsrDesignatedMw": 1108.1,
        "TmorDesignatedMw": 1804.383,
        "TmsrClearingPrice": 0,
        "TmnsrClearingPrice": 0,
        "TmorClearingPrice": 0
      },
      {
        "BeginDate": "2025-10-01T03:00:00.000-04:00",
        "ReserveZoneId": 7001,
        "ReserveZoneName": "SWCT",
        "TenMinSpinRequirement": 0,
        "Total10MinRequirement": 0,
        "Total30MinRequirement": 662.875,
        "TmsrDesignatedMw": 418.542,
        "TmnsrDesignatedMw": 300.8,
        "TmorDesignatedMw": 305,
        "TmsrClearingPrice": 0,
        "TmnsrClearingPrice": 0,
        "TmorClearingPrice": 0
      },
      {
        "BeginDate": "2025-10-01T03:00:00.000-04:00",
        "ReserveZoneId": 7002,
        "ReserveZoneName": "CT",
        "TenMinSpinRequirement": 0,
        "Total10MinRequirement": 0,
        "Total30MinRequirement": 1319.383,
        "TmsrDesignatedMw": 316.908,
        "TmnsrDesignatedMw": 102.5,
        "TmorDesignatedMw": 298.433,
        "TmsrClearingPrice": 0,
        "TmnsrClearingPrice": 0,
        "TmorClearingPrice": 0
      },
      {
        "BeginDate": "2025-10-01T03:00:00.000-04:00",
        "ReserveZoneId": 7003,
        "ReserveZoneName": "NEMABSTN",
        "TenMinSpinRequirement": 0,
        "Total10MinRequirement": 0,
        "Total30MinRequirement": 1000,
        "TmsrDesignatedMw": 41.1,
        "TmnsrDesignatedMw": 65.8,
        "TmorDesignatedMw": 106.258,
        "TmsrClearingPrice": 0,
        "TmnsrClearingPrice": 0,
        "TmorClearingPrice": 0
      },
      {
        "BeginDate": "2025-10-01T04:00:00.000-04:00",
        "ReserveZoneId": 7000,
        "ReserveZoneName": "ROS",
        "TenMinSpinRequirement": 372.583,
        "Total10MinRequirement": 1487.583,
        "Total30MinRequirement": 2255.333,
        "TmsrDesignatedMw": 1208.45,
        "TmnsrDesignatedMw": 1108,
        "TmorDesignatedMw": 1808.967,
        "TmsrClearingPrice": 0,
        "TmnsrClearingPrice": 0,
        "TmorClearingPrice": 0
      },
      {
        "BeginDate": "2025-10-01T04:00:00.000-04:00",
        "ReserveZoneId": 7001,
        "ReserveZoneName": "SWCT",
        "TenMinSpinRequirement": 0,
        "Total10MinRequirement": 0,
        "Total30MinRequirement": 662.675,
        "TmsrDesignatedMw": 416.067,
        "TmnsrDesignatedMw": 300.8,
        "TmorDesignatedMw": 308.4,
        "TmsrClearingPrice": 0,
        "TmnsrClearingPrice": 0,
        "TmorClearingPrice": 0
      },
      {
        "BeginDate": "2025-10-01T04:00:00.000-04:00",
        "ReserveZoneId": 7002,
        "ReserveZoneName": "CT",
        "TenMinSpinRequirement": 0,
        "Total10MinRequirement": 0,
        "Total30MinRequirement": 1319.608,
        "TmsrDesignatedMw": 317.625,
        "TmnsrDesignatedMw": 102.5,
        "TmorDesignatedMw": 298.967,
        "TmsrClearingPrice": 0,
        "TmnsrClearingPrice": 0,
        "TmorClearingPrice": 0
      },
      {
        "BeginDate": "2025-10-01T04:00:00.000-04:00",
        "ReserveZoneId": 7003,
        "ReserveZoneName": "NEMABSTN",
        "TenMinSpinRequirement": 0,
        "Total10MinRequirement": 0,
        "Total30MinRequirement": 1000,
        "TmsrDesignatedMw": 41.008,
        "TmnsrDesignatedMw": 65.8,
        "TmorDesignatedMw": 106.208,
        "TmsrClearingPrice": 0,
        "TmnsrClearingPrice": 0,
        "TmorClearingPrice": 0
      },
      {
        "BeginDate": "2025-10-01T05:00:00.000-04:00",
        "ReserveZoneId": 7000,
        "ReserveZoneName": "ROS",
        "TenMinSpinRequirement": 372.167,
        "Total10MinRequirement": 1486.833,
        "Total30MinRequirement": 2254.833,
        "TmsrDesignatedMw": 786.967,
        "TmnsrDesignatedMw": 1380.775,
        "TmorDesignatedMw": 1498.792,
        "TmsrClearingPrice": 0,
        "TmnsrClearingPrice": 0,
        "TmorClearingPrice": 0
      },
      {
        "BeginDate": "2025-10-01T05:00:00.000-04:00",
        "ReserveZoneId": 7001,
        "ReserveZoneName": "SWCT",
        "TenMinSpinRequirement": 0,
        "Total10MinRequirement": 0,
        "Total30MinRequirement": 662.858,
        "TmsrDesignatedMw": 402.317,
        "TmnsrDesignatedMw": 300.8,
        "TmorDesignatedMw": 309.617,
        "TmsrClearingPrice": 0,
        "TmnsrClearingPrice": 0,
        "TmorClearingPrice": 0
      },
      {
        "BeginDate": "2025-10-01T05:00:00.000-04:00",
        "ReserveZoneId": 7002,
        "ReserveZoneName": "CT",
        "TenMinSpinRequirement": 0,
        "Total10MinRequirement": 0,
        "Total30MinRequirement": 1319.7,
        "TmsrDesignatedMw": 300.917,
        "TmnsrDesignatedMw": 102.5,
        "TmorDesignatedMw": 300.267,
        "TmsrClearingPrice": 0,
        "TmnsrClearingPrice": 0,
        "TmorClearingPrice": 0
      },
      {
        "BeginDate": "2025-10-01T05:00:00.000-04:00",
        "ReserveZoneId": 7003,
        "ReserveZoneName": "NEMABSTN",
        "TenMinSpinRequirement": 0,
        "Total10MinRequirement": 0,
        "Total30MinRequirement": 1000,
        "TmsrDesignatedMw": 40.8,
        "TmnsrDesignatedMw": 65.8,
        "TmorDesignatedMw": 106.575,
        "TmsrClearingPrice": 0,
        "TmnsrClearingPrice": 0,
        "TmorClearingPrice": 0
      },
      {
        "BeginDate": "2025-10-01T06:00:00.000-04:00",
        "ReserveZoneId": 7000,
        "ReserveZoneName": "ROS",
        "TenMinSpinRequirement": 372.5,
        "Total10MinRequirement": 1487.5,
        "Total30MinRequirement": 2255.583,
        "TmsrDesignatedMw": 441.908,
        "TmnsrDesignatedMw": 1861.925,
        "TmorDesignatedMw": 575.858,
        "TmsrClearingPrice": 0,
        "TmnsrClearingPrice": 0,
        "TmorClearingPrice": 0
      },
      {
        "BeginDate": "2025-10-01T06:00:00.000-04:00",
        "ReserveZoneId": 7001,
        "ReserveZoneName": "SWCT",
        "TenMinSpinRequirement": 0,
        "Total10MinRequirement": 0,
        "Total30MinRequirement": 723.35,
        "TmsrDesignatedMw": 118.158,
        "TmnsrDesignatedMw": 300.8,
        "TmorDesignatedMw": 222.1,
        "TmsrClearingPrice": 0,
        "TmnsrClearingPrice": 0,
        "TmorClearingPrice": 0
      },
      {
        "BeginDate": "2025-10-01T06:00:00.000-04:00",
        "ReserveZoneId": 7002,
        "ReserveZoneName": "CT",
        "TenMinSpinRequirement": 0,
        "Total10MinRequirement": 0,
        "Total30MinRequirement": 1319.667,
        "TmsrDesignatedMw": 123.617,
        "TmnsrDesignatedMw": 102.5,
        "TmorDesignatedMw": 183.467,
        "TmsrClearingPrice": 0,
        "TmnsrClearingPrice": 0,
        "TmorClearingPrice": 0
      },
      {
        "BeginDate": "2025-10-01T06:00:00.000-04:00",
        "ReserveZoneId": 7003,
        "ReserveZoneName": "NEMABSTN",
        "TenMinSpinRequirement": 0,
        "Total10MinRequirement": 0,
        "Total30MinRequirement": 1000,
        "TmsrDesignatedMw": 23.917,
        "TmnsrDesignatedMw": 65.8,
        "TmorDesignatedMw": 101.483,
        "TmsrClearingPrice": 0,
        "TmnsrClearingPrice": 0,
        "TmorClearingPrice": 0
      },
      {
        "BeginDate": "2025-10-01T07:00:00.000-04:00",
        "ReserveZoneId": 7000,
        "ReserveZoneName": "ROS",
        "TenMinSpinRequirement": 372.5,
        "Total10MinRequirement": 1487.167,
        "Total30MinRequirement": 2255.167,
        "TmsrDesignatedMw": 652.4,
        "TmnsrDesignatedMw": 1626.05,
        "TmorDesignatedMw": 536.808,
        "TmsrClearingPrice": 0,
        "TmnsrClearingPrice": 0,
        "TmorClearingPrice": 0
      },
      {
        "BeginDate": "2025-10-01T07:00:00.000-04:00",
        "ReserveZoneId": 7001,
        "ReserveZoneName": "SWCT",
        "TenMinSpinRequirement": 0,
        "Total10MinRequirement": 0,
        "Total30MinRequirement": 769.825,
        "TmsrDesignatedMw": 61.425,
        "TmnsrDesignatedMw": 584.3,
        "TmorDesignatedMw": 212.85,
        "TmsrClearingPrice": 0,
        "TmnsrClearingPrice": 0,
        "TmorClearingPrice": 0
      },
      {
        "BeginDate": "2025-10-01T07:00:00.000-04:00",
        "ReserveZoneId": 7002,
        "ReserveZoneName": "CT",
        "TenMinSpinRequirement": 0,
        "Total10MinRequirement": 0,
        "Total30MinRequirement": 1318.983,
        "TmsrDesignatedMw": 91.65,
        "TmnsrDesignatedMw": 102.5,
        "TmorDesignatedMw": 141.8,
        "TmsrClearingPrice": 0,
        "TmnsrClearingPrice": 0,
        "TmorClearingPrice": 0
      },
      {
        "BeginDate": "2025-10-01T07:00:00.000-04:00",
        "ReserveZoneId": 7003,
        "ReserveZoneName": "NEMABSTN",
        "TenMinSpinRequirement": 0,
        "Total10MinRequirement": 0,
        "Total30MinRequirement": 1000,
        "TmsrDesignatedMw": 19.458,
        "TmnsrDesignatedMw": 145.4,
        "TmorDesignatedMw": 149.8,
        "TmsrClearingPrice": 0,
        "TmnsrClearingPrice": 0,
        "TmorClearingPrice": 0
      },
      {
        "BeginDate": "2025-10-01T08:00:00.000-04:00",
        "ReserveZoneId": 7000,
        "ReserveZoneName": "ROS",
        "TenMinSpinRequirement": 372.5,
        "Total10MinRequirement": 1487.833,
        "Total30MinRequirement": 2256.25,
        "TmsrDesignatedMw": 660.383,
        "TmnsrDesignatedMw": 1963.85,
        "TmorDesignatedMw": 742.275,
        "TmsrClearingPrice": 0,
        "TmnsrClearingPrice": 0,
        "TmorClearingPrice": 0
      },
      {
        "BeginDate": "2025-10-01T08:00:00.000-04:00",
        "ReserveZoneId": 7001,
        "ReserveZoneName": "SWCT",
        "TenMinSpinRequirement": 0,
        "Total10MinRequirement": 0,
        "Total30MinRequirement": 738.025,
        "TmsrDesignatedMw": 57.175,
        "TmnsrDesignatedMw": 584.3,
        "TmorDesignatedMw": 227.417,
        "TmsrClearingPrice": 0,
        "TmnsrClearingPrice": 0,
        "TmorClearingPrice": 0
      },
      {
        "BeginDate": "2025-10-01T08:00:00.000-04:00",
        "ReserveZoneId": 7002,
        "ReserveZoneName": "CT",
        "TenMinSpinRequirement": 0,
        "Total10MinRequirement": 0,
        "Total30MinRequirement": 1319.342,
        "TmsrDesignatedMw": 224.75,
        "TmnsrDesignatedMw": 102.5,
        "TmorDesignatedMw": 227.125,
        "TmsrClearingPrice": 0,
        "TmnsrClearingPrice": 0,
        "TmorClearingPrice": 0
      },
      {
        "BeginDate": "2025-10-01T08:00:00.000-04:00",
        "ReserveZoneId": 7003,
        "ReserveZoneName": "NEMABSTN",
        "TenMinSpinRequirement": 0,
        "Total10MinRequirement": 0,
        "Total30MinRequirement": 1000,
        "TmsrDesignatedMw": 37.575,
        "TmnsrDesignatedMw": 145.2,
        "TmorDesignatedMw": 158.467,
        "TmsrClearingPrice": 0,
        "TmnsrClearingPrice": 0,
        "TmorClearingPrice": 0
      },
      {
        "BeginDate": "2025-10-01T09:00:00.000-04:00",
        "ReserveZoneId": 7000,
        "ReserveZoneName": "ROS",
        "TenMinSpinRequirement": 372.083,
        "Total10MinRequirement": 1486.583,
        "Total30MinRequirement": 2255,
        "TmsrDesignatedMw": 688.267,
        "TmnsrDesignatedMw": 1275.275,
        "TmorDesignatedMw": 1475.642,
        "TmsrClearingPrice": 0,
        "TmnsrClearingPrice": 0,
        "TmorClearingPrice": 0
      },
      {
        "BeginDate": "2025-10-01T09:00:00.000-04:00",
        "ReserveZoneId": 7001,
        "ReserveZoneName": "SWCT",
        "TenMinSpinRequirement": 0,
        "Total10MinRequirement": 0,
        "Total30MinRequirement": 715.975,
        "TmsrDesignatedMw": 165.617,
        "TmnsrDesignatedMw": 584.3,
        "TmorDesignatedMw": 253.892,
        "TmsrClearingPrice": 0,
        "TmnsrClearingPrice": 0,
        "TmorClearingPrice": 0
      },
      {
        "BeginDate": "2025-10-01T09:00:00.000-04:00",
        "ReserveZoneId": 7002,
        "ReserveZoneName": "CT",
        "TenMinSpinRequirement": 0,
        "Total10MinRequirement": 0,
        "Total30MinRequirement": 1319.492,
        "TmsrDesignatedMw": 248.058,
        "TmnsrDesignatedMw": 102.5,
        "TmorDesignatedMw": 239.125,
        "TmsrClearingPrice": 0,
        "TmnsrClearingPrice": 0,
        "TmorClearingPrice": 0
      },
      {
        "BeginDate": "2025-10-01T09:00:00.000-04:00",
        "ReserveZoneId": 7003,
        "ReserveZoneName": "NEMABSTN",
        "TenMinSpinRequirement": 0,
        "Total10MinRequirement": 0,
        "Total30MinRequirement": 1000,
        "TmsrDesignatedMw": 43.733,
        "TmnsrDesignatedMw": 145.108,
        "TmorDesignatedMw": 163.525,
        "TmsrClearingPrice": 0,
        "TmnsrClearingPrice": 0,
        "TmorClearingPrice": 0
      },
      {
        "BeginDate": "2025-10-01T10:00:00.000-04:00",
        "ReserveZoneId": 7000,
        "ReserveZoneName": "ROS",
        "TenMinSpinRequirement": 372.333,
        "Total10MinRequirement": 1486.667,
        "Total30MinRequirement": 2255.167,
        "TmsrDesignatedMw": 665.533,
        "TmnsrDesignatedMw": 1060.725,
        "TmorDesignatedMw": 1653.475,
        "TmsrClearingPrice": 0,
        "TmnsrClearingPrice": 0,
        "TmorClearingPrice": 0
      },
      {
        "BeginDate": "2025-10-01T10:00:00.000-04:00",
        "ReserveZoneId": 7001,
        "ReserveZoneName": "SWCT",
        "TenMinSpinRequirement": 0,
        "Total10MinRequirement": 0,
        "Total30MinRequirement": 668.383,
        "TmsrDesignatedMw": 250.892,
        "TmnsrDesignatedMw": 584.3,
        "TmorDesignatedMw": 298.217,
        "TmsrClearingPrice": 0,
        "TmnsrClearingPrice": 0,
        "TmorClearingPrice": 0
      },
      {
        "BeginDate": "2025-10-01T10:00:00.000-04:00",
        "ReserveZoneId": 7002,
        "ReserveZoneName": "CT",
        "TenMinSpinRequirement": 0,
        "Total10MinRequirement": 0,
        "Total30MinRequirement": 1319.35,
        "TmsrDesignatedMw": 284.333,
        "TmnsrDesignatedMw": 102.5,
        "TmorDesignatedMw": 284.142,
        "TmsrClearingPrice": 0,
        "TmnsrClearingPrice": 0,
        "TmorClearingPrice": 0
      },
      {
        "BeginDate": "2025-10-01T10:00:00.000-04:00",
        "ReserveZoneId": 7003,
        "ReserveZoneName": "NEMABSTN",
        "TenMinSpinRequirement": 0,
        "Total10MinRequirement": 0,
        "Total30MinRequirement": 1000,
        "TmsrDesignatedMw": 42.392,
        "TmnsrDesignatedMw": 144.917,
        "TmorDesignatedMw": 163.817,
        "TmsrClearingPrice": 0,
        "TmnsrClearingPrice": 0,
        "TmorClearingPrice": 0
      },
      {
        "BeginDate": "2025-10-01T11:00:00.000-04:00",
        "ReserveZoneId": 7000,
        "ReserveZoneName": "ROS",
        "TenMinSpinRequirement": 371.833,
        "Total10MinRequirement": 1485.667,
        "Total30MinRequirement": 2253.583,
        "TmsrDesignatedMw": 747.817,
        "TmnsrDesignatedMw": 1058.908,
        "TmorDesignatedMw": 1726.017,
        "TmsrClearingPrice": 0,
        "TmnsrClearingPrice": 0,
        "TmorClearingPrice": 0
      },
      {
        "BeginDate": "2025-10-01T11:00:00.000-04:00",
        "ReserveZoneId": 7001,
        "ReserveZoneName": "SWCT",
        "TenMinSpinRequirement": 0,
        "Total10MinRequirement": 0,
        "Total30MinRequirement": 662.708,
        "TmsrDesignatedMw": 399.525,
        "TmnsrDesignatedMw": 584.3,
        "TmorDesignatedMw": 325.833,
        "TmsrClearingPrice": 0,
        "TmnsrClearingPrice": 0,
        "TmorClearingPrice": 0
      },
      {
        "BeginDate": "2025-10-01T11:00:00.000-04:00",
        "ReserveZoneId": 7002,
        "ReserveZoneName": "CT",
        "TenMinSpinRequirement": 0,
        "Total10MinRequirement": 0,
        "Total30MinRequirement": 1435.808,
        "TmsrDesignatedMw": 319.383,
        "TmnsrDesignatedMw": 102.5,
        "TmorDesignatedMw": 297.55,
        "TmsrClearingPrice": 0,
        "TmnsrClearingPrice": 0,
        "TmorClearingPrice": 0
      },
      {
        "BeginDate": "2025-10-01T11:00:00.000-04:00",
        "ReserveZoneId": 7003,
        "ReserveZoneName": "NEMABSTN",
        "TenMinSpinRequirement": 0,
        "Total10MinRequirement": 0,
        "Total30MinRequirement": 1000,
        "TmsrDesignatedMw": 42.775,
        "TmnsrDesignatedMw": 144.808,
        "TmorDesignatedMw": 163.708,
        "TmsrClearingPrice": 0,
        "TmnsrClearingPrice": 0,
        "TmorClearingPrice": 0
      },
      {
        "BeginDate": "2025-10-01T12:00:00.000-04:00",
        "ReserveZoneId": 7000,
        "ReserveZoneName": "ROS",
        "TenMinSpinRequirement": 372.25,
        "Total10MinRequirement": 1487.25,
        "Total30MinRequirement": 2253.917,
        "TmsrDesignatedMw": 1150.958,
        "TmnsrDesignatedMw": 842.133,
        "TmorDesignatedMw": 1903.675,
        "TmsrClearingPrice": 0,
        "TmnsrClearingPrice": 0,
        "TmorClearingPrice": 0
      },
      {
        "BeginDate": "2025-10-01T12:00:00.000-04:00",
        "ReserveZoneId": 7001,
        "ReserveZoneName": "SWCT",
        "TenMinSpinRequirement": 0,
        "Total10MinRequirement": 0,
        "Total30MinRequirement": 663.1,
        "TmsrDesignatedMw": 363.608,
        "TmnsrDesignatedMw": 584.3,
        "TmorDesignatedMw": 323.025,
        "TmsrClearingPrice": 0,
        "TmnsrClearingPrice": 0,
        "TmorClearingPrice": 0
      },
      {
        "BeginDate": "2025-10-01T12:00:00.000-04:00",
        "ReserveZoneId": 7002,
        "ReserveZoneName": "CT",
        "TenMinSpinRequirement": 0,
        "Total10MinRequirement": 0,
        "Total30MinRequirement": 1491.908,
        "TmsrDesignatedMw": 319.158,
        "TmnsrDesignatedMw": 102.5,
        "TmorDesignatedMw": 301.183,
        "TmsrClearingPrice": 0,
        "TmnsrClearingPrice": 0,
        "TmorClearingPrice": 0
      },
      {
        "BeginDate": "2025-10-01T12:00:00.000-04:00",
        "ReserveZoneId": 7003,
        "ReserveZoneName": "NEMABSTN",
        "TenMinSpinRequirement": 0,
        "Total10MinRequirement": 0,
        "Total30MinRequirement": 1000,
        "TmsrDesignatedMw": 43.642,
        "TmnsrDesignatedMw": 144.7,
        "TmorDesignatedMw": 163.6,
        "TmsrClearingPrice": 0,
        "TmnsrClearingPrice": 0,
        "TmorClearingPrice": 0
      },
      {
        "BeginDate": "2025-10-01T13:00:00.000-04:00",
        "ReserveZoneId": 7000,
        "ReserveZoneName": "ROS",
        "TenMinSpinRequirement": 372.167,
        "Total10MinRequirement": 1487.167,
        "Total30MinRequirement": 2253.25,
        "TmsrDesignatedMw": 1224.125,
        "TmnsrDesignatedMw": 741.05,
        "TmorDesignatedMw": 1975.017,
        "TmsrClearingPrice": 0,
        "TmnsrClearingPrice": 0,
        "TmorClearingPrice": 0
      },
      {
        "BeginDate": "2025-10-01T13:00:00.000-04:00",
        "ReserveZoneId": 7001,
        "ReserveZoneName": "SWCT",
        "TenMinSpinRequirement": 0,
        "Total10MinRequirement": 0,
        "Total30MinRequirement": 665.592,
        "TmsrDesignatedMw": 257.908,
        "TmnsrDesignatedMw": 584.3,
        "TmorDesignatedMw": 299.225,
        "TmsrClearingPrice": 0,
        "TmnsrClearingPrice": 0,
        "TmorClearingPrice": 0
      },
      {
        "BeginDate": "2025-10-01T13:00:00.000-04:00",
        "ReserveZoneId": 7002,
        "ReserveZoneName": "CT",
        "TenMinSpinRequirement": 0,
        "Total10MinRequirement": 0,
        "Total30MinRequirement": 1487.2,
        "TmsrDesignatedMw": 301.667,
        "TmnsrDesignatedMw": 102.5,
        "TmorDesignatedMw": 293.883,
        "TmsrClearingPrice": 0,
        "TmnsrClearingPrice": 0,
        "TmorClearingPrice": 0
      },
      {
        "BeginDate": "2025-10-01T13:00:00.000-04:00",
        "ReserveZoneId": 7003,
        "ReserveZoneName": "NEMABSTN",
        "TenMinSpinRequirement": 0,
        "Total10MinRequirement": 0,
        "Total30MinRequirement": 1000,
        "TmsrDesignatedMw": 44.008,
        "TmnsrDesignatedMw": 144.6,
        "TmorDesignatedMw": 163.5,
        "TmsrClearingPrice": 0,
        "TmnsrClearingPrice": 0,
        "TmorClearingPrice": 0
      },
      {
        "BeginDate": "2025-10-01T14:00:00.000-04:00",
        "ReserveZoneId": 7000,
        "ReserveZoneName": "ROS",
        "TenMinSpinRequirement": 372.833,
        "Total10MinRequirement": 1487.667,
        "Total30MinRequirement": 2253.833,
        "TmsrDesignatedMw": 1202.625,
        "TmnsrDesignatedMw": 743.4,
        "TmorDesignatedMw": 1973.2,
        "TmsrClearingPrice": 0,
        "TmnsrClearingPrice": 0,
        "TmorClearingPrice": 0
      },
      {
        "BeginDate": "2025-10-01T14:00:00.000-04:00",
        "ReserveZoneId": 7001,
        "ReserveZoneName": "SWCT",
        "TenMinSpinRequirement": 0,
        "Total10MinRequirement": 0,
        "Total30MinRequirement": 675.075,
        "TmsrDesignatedMw": 245.208,
        "TmnsrDesignatedMw": 584.3,
        "TmorDesignatedMw": 295.958,
        "TmsrClearingPrice": 0,
        "TmnsrClearingPrice": 0,
        "TmorClearingPrice": 0
      },
      {
        "BeginDate": "2025-10-01T14:00:00.000-04:00",
        "ReserveZoneId": 7002,
        "ReserveZoneName": "CT",
        "TenMinSpinRequirement": 0,
        "Total10MinRequirement": 0,
        "Total30MinRequirement": 1480.442,
        "TmsrDesignatedMw": 312.2,
        "TmnsrDesignatedMw": 102.5,
        "TmorDesignatedMw": 280.333,
        "TmsrClearingPrice": 0,
        "TmnsrClearingPrice": 0,
        "TmorClearingPrice": 0
      },
      {
        "BeginDate": "2025-10-01T14:00:00.000-04:00",
        "ReserveZoneId": 7003,
        "ReserveZoneName": "NEMABSTN",
        "TenMinSpinRequirement": 0,
        "Total10MinRequirement": 0,
        "Total30MinRequirement": 1000,
        "TmsrDesignatedMw": 44.35,
        "TmnsrDesignatedMw": 144.5,
        "TmorDesignatedMw": 163.4,
        "TmsrClearingPrice": 0,
        "TmnsrClearingPrice": 0,
        "TmorClearingPrice": 0
      },
      {
        "BeginDate": "2025-10-01T15:00:00.000-04:00",
        "ReserveZoneId": 7000,
        "ReserveZoneName": "ROS",
        "TenMinSpinRequirement": 372.333,
        "Total10MinRequirement": 1487,
        "Total30MinRequirement": 2252.583,
        "TmsrDesignatedMw": 587.033,
        "TmnsrDesignatedMw": 1613.675,
        "TmorDesignatedMw": 1170.875,
        "TmsrClearingPrice": 0,
        "TmnsrClearingPrice": 0,
        "TmorClearingPrice": 0
      },
      {
        "BeginDate": "2025-10-01T15:00:00.000-04:00",
        "ReserveZoneId": 7001,
        "ReserveZoneName": "SWCT",
        "TenMinSpinRequirement": 0,
        "Total10MinRequirement": 0,
        "Total30MinRequirement": 687.667,
        "TmsrDesignatedMw": 236.008,
        "TmnsrDesignatedMw": 584.3,
        "TmorDesignatedMw": 260.275,
        "TmsrClearingPrice": 0,
        "TmnsrClearingPrice": 0,
        "TmorClearingPrice": 0
      },
      {
        "BeginDate": "2025-10-01T15:00:00.000-04:00",
        "ReserveZoneId": 7002,
        "ReserveZoneName": "CT",
        "TenMinSpinRequirement": 0,
        "Total10MinRequirement": 0,
        "Total30MinRequirement": 1457.033,
        "TmsrDesignatedMw": 279.575,
        "TmnsrDesignatedMw": 102.5,
        "TmorDesignatedMw": 283.25,
        "TmsrClearingPrice": 0,
        "TmnsrClearingPrice": 0,
        "TmorClearingPrice": 0
      },
      {
        "BeginDate": "2025-10-01T15:00:00.000-04:00",
        "ReserveZoneId": 7003,
        "ReserveZoneName": "NEMABSTN",
        "TenMinSpinRequirement": 0,
        "Total10MinRequirement": 0,
        "Total30MinRequirement": 1000,
        "TmsrDesignatedMw": 46.15,
        "TmnsrDesignatedMw": 144.5,
        "TmorDesignatedMw": 163.4,
        "TmsrClearingPrice": 0,
        "TmnsrClearingPrice": 0,
        "TmorClearingPrice": 0
      },
      {
        "BeginDate": "2025-10-01T16:00:00.000-04:00",
        "ReserveZoneId": 7000,
        "ReserveZoneName": "ROS",
        "TenMinSpinRequirement": 372.167,
        "Total10MinRequirement": 1486.833,
        "Total30MinRequirement": 2252.833,
        "TmsrDesignatedMw": 552.258,
        "TmnsrDesignatedMw": 2200.4,
        "TmorDesignatedMw": 632.158,
        "TmsrClearingPrice": 0,
        "TmnsrClearingPrice": 0,
        "TmorClearingPrice": 0
      },
      {
        "BeginDate": "2025-10-01T16:00:00.000-04:00",
        "ReserveZoneId": 7001,
        "ReserveZoneName": "SWCT",
        "TenMinSpinRequirement": 0,
        "Total10MinRequirement": 0,
        "Total30MinRequirement": 692.175,
        "TmsrDesignatedMw": 262.558,
        "TmnsrDesignatedMw": 584.3,
        "TmorDesignatedMw": 201.925,
        "TmsrClearingPrice": 0,
        "TmnsrClearingPrice": 0,
        "TmorClearingPrice": 0
      },
      {
        "BeginDate": "2025-10-01T16:00:00.000-04:00",
        "ReserveZoneId": 7002,
        "ReserveZoneName": "CT",
        "TenMinSpinRequirement": 0,
        "Total10MinRequirement": 0,
        "Total30MinRequirement": 1429.075,
        "TmsrDesignatedMw": 265.017,
        "TmnsrDesignatedMw": 102.5,
        "TmorDesignatedMw": 262.725,
        "TmsrClearingPrice": 0,
        "TmnsrClearingPrice": 0,
        "TmorClearingPrice": 0
      },
      {
        "BeginDate": "2025-10-01T16:00:00.000-04:00",
        "ReserveZoneId": 7003,
        "ReserveZoneName": "NEMABSTN",
        "TenMinSpinRequirement": 0,
        "Total10MinRequirement": 0,
        "Total30MinRequirement": 1000,
        "TmsrDesignatedMw": 38.6,
        "TmnsrDesignatedMw": 144.6,
        "TmorDesignatedMw": 154.7,
        "TmsrClearingPrice": 0,
        "TmnsrClearingPrice": 0,
        "TmorClearingPrice": 0
      },
      {
        "BeginDate": "2025-10-01T17:00:00.000-04:00",
        "ReserveZoneId": 7000,
        "ReserveZoneName": "ROS",
        "TenMinSpinRequirement": 372.667,
        "Total10MinRequirement": 1487.833,
        "Total30MinRequirement": 2255,
        "TmsrDesignatedMw": 397.158,
        "TmnsrDesignatedMw": 1702.95,
        "TmorDesignatedMw": 568.2,
        "TmsrClearingPrice": 0,
        "TmnsrClearingPrice": 0,
        "TmorClearingPrice": 0
      },
      {
        "BeginDate": "2025-10-01T17:00:00.000-04:00",
        "ReserveZoneId": 7001,
        "ReserveZoneName": "SWCT",
        "TenMinSpinRequirement": 0,
        "Total10MinRequirement": 0,
        "Total30MinRequirement": 742.967,
        "TmsrDesignatedMw": 50.017,
        "TmnsrDesignatedMw": 584.3,
        "TmorDesignatedMw": 111.208,
        "TmsrClearingPrice": 0,
        "TmnsrClearingPrice": 0,
        "TmorClearingPrice": 0
      },
      {
        "BeginDate": "2025-10-01T17:00:00.000-04:00",
        "ReserveZoneId": 7002,
        "ReserveZoneName": "CT",
        "TenMinSpinRequirement": 0,
        "Total10MinRequirement": 0,
        "Total30MinRequirement": 1386.342,
        "TmsrDesignatedMw": 112.817,
        "TmnsrDesignatedMw": 102.5,
        "TmorDesignatedMw": 158.017,
        "TmsrClearingPrice": 0,
        "TmnsrClearingPrice": 0,
        "TmorClearingPrice": 0
      },
      {
        "BeginDate": "2025-10-01T17:00:00.000-04:00",
        "ReserveZoneId": 7003,
        "ReserveZoneName": "NEMABSTN",
        "TenMinSpinRequirement": 0,
        "Total10MinRequirement": 0,
        "Total30MinRequirement": 1000,
        "TmsrDesignatedMw": 65.05,
        "TmnsrDesignatedMw": 144.692,
        "TmorDesignatedMw": 160.9,
        "TmsrClearingPrice": 0,
        "TmnsrClearingPrice": 0,
        "TmorClearingPrice": 0
      },
      {
        "BeginDate": "2025-10-01T18:00:00.000-04:00",
        "ReserveZoneId": 7000,
        "ReserveZoneName": "ROS",
        "TenMinSpinRequirement": 372.583,
        "Total10MinRequirement": 1487.25,
        "Total30MinRequirement": 2255.083,
        "TmsrDesignatedMw": 322.325,
        "TmnsrDesignatedMw": 1208.892,
        "TmorDesignatedMw": 543.883,
        "TmsrClearingPrice": 0.11,
        "TmnsrClearingPrice": 0,
        "TmorClearingPrice": 0
      },
      {
        "BeginDate": "2025-10-01T18:00:00.000-04:00",
        "ReserveZoneId": 7001,
        "ReserveZoneName": "SWCT",
        "TenMinSpinRequirement": 0,
        "Total10MinRequirement": 0,
        "Total30MinRequirement": 757.158,
        "TmsrDesignatedMw": 50.9,
        "TmnsrDesignatedMw": 584.3,
        "TmorDesignatedMw": 152.25,
        "TmsrClearingPrice": 0.11,
        "TmnsrClearingPrice": 0,
        "TmorClearingPrice": 0
      },
      {
        "BeginDate": "2025-10-01T18:00:00.000-04:00",
        "ReserveZoneId": 7002,
        "ReserveZoneName": "CT",
        "TenMinSpinRequirement": 0,
        "Total10MinRequirement": 0,
        "Total30MinRequirement": 1337.958,
        "TmsrDesignatedMw": 64.425,
        "TmnsrDesignatedMw": 102.5,
        "TmorDesignatedMw": 128.008,
        "TmsrClearingPrice": 0.11,
        "TmnsrClearingPrice": 0,
        "TmorClearingPrice": 0
      },
      {
        "BeginDate": "2025-10-01T18:00:00.000-04:00",
        "ReserveZoneId": 7003,
        "ReserveZoneName": "NEMABSTN",
        "TenMinSpinRequirement": 0,
        "Total10MinRequirement": 0,
        "Total30MinRequirement": 1000,
        "TmsrDesignatedMw": 76.833,
        "TmnsrDesignatedMw": 144.792,
        "TmorDesignatedMw": 163.542,
        "TmsrClearingPrice": 0.11,
        "TmnsrClearingPrice": 0,
        "TmorClearingPrice": 0
      },
      {
        "BeginDate": "2025-10-01T19:00:00.000-04:00",
        "ReserveZoneId": 7000,
        "ReserveZoneName": "ROS",
        "TenMinSpinRequirement": 372.917,
        "Total10MinRequirement": 1488.25,
        "Total30MinRequirement": 2256.083,
        "TmsrDesignatedMw": 422.625,
        "TmnsrDesignatedMw": 986.933,
        "TmorDesignatedMw": 527.183,
        "TmsrClearingPrice": 0,
        "TmnsrClearingPrice": 0,
        "TmorClearingPrice": 0
      },
      {
        "BeginDate": "2025-10-01T19:00:00.000-04:00",
        "ReserveZoneId": 7001,
        "ReserveZoneName": "SWCT",
        "TenMinSpinRequirement": 0,
        "Total10MinRequirement": 0,
        "Total30MinRequirement": 768.175,
        "TmsrDesignatedMw": 44.833,
        "TmnsrDesignatedMw": 584.3,
        "TmorDesignatedMw": 193.842,
        "TmsrClearingPrice": 0,
        "TmnsrClearingPrice": 0,
        "TmorClearingPrice": 0
      },
      {
        "BeginDate": "2025-10-01T19:00:00.000-04:00",
        "ReserveZoneId": 7002,
        "ReserveZoneName": "CT",
        "TenMinSpinRequirement": 0,
        "Total10MinRequirement": 0,
        "Total30MinRequirement": 1319.575,
        "TmsrDesignatedMw": 50.425,
        "TmnsrDesignatedMw": 102.5,
        "TmorDesignatedMw": 133.667,
        "TmsrClearingPrice": 0,
        "TmnsrClearingPrice": 0,
        "TmorClearingPrice": 0
      },
      {
        "BeginDate": "2025-10-01T19:00:00.000-04:00",
        "ReserveZoneId": 7003,
        "ReserveZoneName": "NEMABSTN",
        "TenMinSpinRequirement": 0,
        "Total10MinRequirement": 0,
        "Total30MinRequirement": 1000,
        "TmsrDesignatedMw": 82.567,
        "TmnsrDesignatedMw": 145,
        "TmorDesignatedMw": 166.792,
        "TmsrClearingPrice": 0,
        "TmnsrClearingPrice": 0,
        "TmorClearingPrice": 0
      },
      {
        "BeginDate": "2025-10-01T20:00:00.000-04:00",
        "ReserveZoneId": 7000,
        "ReserveZoneName": "ROS",
        "TenMinSpinRequirement": 372.583,
        "Total10MinRequirement": 1487.917,
        "Total30MinRequirement": 2255.917,
        "TmsrDesignatedMw": 373.625,
        "TmnsrDesignatedMw": 1630.5,
        "TmorDesignatedMw": 655.642,
        "TmsrClearingPrice": 0.09,
        "TmnsrClearingPrice": 0,
        "TmorClearingPrice": 0
      },
      {
        "BeginDate": "2025-10-01T20:00:00.000-04:00",
        "ReserveZoneId": 7001,
        "ReserveZoneName": "SWCT",
        "TenMinSpinRequirement": 0,
        "Total10MinRequirement": 0,
        "Total30MinRequirement": 738.725,
        "TmsrDesignatedMw": 70.683,
        "TmnsrDesignatedMw": 584.3,
        "TmorDesignatedMw": 202.225,
        "TmsrClearingPrice": 0.09,
        "TmnsrClearingPrice": 0,
        "TmorClearingPrice": 0
      },
      {
        "BeginDate": "2025-10-01T20:00:00.000-04:00",
        "ReserveZoneId": 7002,
        "ReserveZoneName": "CT",
        "TenMinSpinRequirement": 0,
        "Total10MinRequirement": 0,
        "Total30MinRequirement": 1334.917,
        "TmsrDesignatedMw": 72.4,
        "TmnsrDesignatedMw": 102.5,
        "TmorDesignatedMw": 128.425,
        "TmsrClearingPrice": 0.09,
        "TmnsrClearingPrice": 0,
        "TmorClearingPrice": 0
      },
      {
        "BeginDate": "2025-10-01T20:00:00.000-04:00",
        "ReserveZoneId": 7003,
        "ReserveZoneName": "NEMABSTN",
        "TenMinSpinRequirement": 0,
        "Total10MinRequirement": 0,
        "Total30MinRequirement": 1000,
        "TmsrDesignatedMw": 114.5,
        "TmnsrDesignatedMw": 145.1,
        "TmorDesignatedMw": 166.617,
        "TmsrClearingPrice": 0.09,
        "TmnsrClearingPrice": 0,
        "TmorClearingPrice": 0
      },
      {
        "BeginDate": "2025-10-01T21:00:00.000-04:00",
        "ReserveZoneId": 7000,
        "ReserveZoneName": "ROS",
        "TenMinSpinRequirement": 372.417,
        "Total10MinRequirement": 1487.25,
        "Total30MinRequirement": 2255.25,
        "TmsrDesignatedMw": 381.558,
        "TmnsrDesignatedMw": 2141.992,
        "TmorDesignatedMw": 651.067,
        "TmsrClearingPrice": 0,
        "TmnsrClearingPrice": 0,
        "TmorClearingPrice": 0
      },
      {
        "BeginDate": "2025-10-01T21:00:00.000-04:00",
        "ReserveZoneId": 7001,
        "ReserveZoneName": "SWCT",
        "TenMinSpinRequirement": 0,
        "Total10MinRequirement": 0,
        "Total30MinRequirement": 734.942,
        "TmsrDesignatedMw": 96.625,
        "TmnsrDesignatedMw": 584.3,
        "TmorDesignatedMw": 222.108,
        "TmsrClearingPrice": 0,
        "TmnsrClearingPrice": 0,
        "TmorClearingPrice": 0
      },
      {
        "BeginDate": "2025-10-01T21:00:00.000-04:00",
        "ReserveZoneId": 7002,
        "ReserveZoneName": "CT",
        "TenMinSpinRequirement": 0,
        "Total10MinRequirement": 0,
        "Total30MinRequirement": 1354.317,
        "TmsrDesignatedMw": 143.033,
        "TmnsrDesignatedMw": 173.4,
        "TmorDesignatedMw": 160.083,
        "TmsrClearingPrice": 0,
        "TmnsrClearingPrice": 0,
        "TmorClearingPrice": 0
      },
      {
        "BeginDate": "2025-10-01T21:00:00.000-04:00",
        "ReserveZoneId": 7003,
        "ReserveZoneName": "NEMABSTN",
        "TenMinSpinRequirement": 0,
        "Total10MinRequirement": 0,
        "Total30MinRequirement": 1000,
        "TmsrDesignatedMw": 153.883,
        "TmnsrDesignatedMw": 145.192,
        "TmorDesignatedMw": 172.2,
        "TmsrClearingPrice": 0,
        "TmnsrClearingPrice": 0,
        "TmorClearingPrice": 0
      },
      {
        "BeginDate": "2025-10-01T22:00:00.000-04:00",
        "ReserveZoneId": 7000,
        "ReserveZoneName": "ROS",
        "TenMinSpinRequirement": 372.25,
        "Total10MinRequirement": 1487.083,
        "Total30MinRequirement": 2253.5,
        "TmsrDesignatedMw": 528.542,
        "TmnsrDesignatedMw": 2213,
        "TmorDesignatedMw": 643.233,
        "TmsrClearingPrice": 0,
        "TmnsrClearingPrice": 0,
        "TmorClearingPrice": 0
      },
      {
        "BeginDate": "2025-10-01T22:00:00.000-04:00",
        "ReserveZoneId": 7001,
        "ReserveZoneName": "SWCT",
        "TenMinSpinRequirement": 0,
        "Total10MinRequirement": 0,
        "Total30MinRequirement": 736.217,
        "TmsrDesignatedMw": 110.342,
        "TmnsrDesignatedMw": 584.3,
        "TmorDesignatedMw": 234.958,
        "TmsrClearingPrice": 0,
        "TmnsrClearingPrice": 0,
        "TmorClearingPrice": 0
      },
      {
        "BeginDate": "2025-10-01T22:00:00.000-04:00",
        "ReserveZoneId": 7002,
        "ReserveZoneName": "CT",
        "TenMinSpinRequirement": 0,
        "Total10MinRequirement": 0,
        "Total30MinRequirement": 1376.817,
        "TmsrDesignatedMw": 164.792,
        "TmnsrDesignatedMw": 244.3,
        "TmorDesignatedMw": 179.342,
        "TmsrClearingPrice": 0,
        "TmnsrClearingPrice": 0,
        "TmorClearingPrice": 0
      },
      {
        "BeginDate": "2025-10-01T22:00:00.000-04:00",
        "ReserveZoneId": 7003,
        "ReserveZoneName": "NEMABSTN",
        "TenMinSpinRequirement": 0,
        "Total10MinRequirement": 0,
        "Total30MinRequirement": 1000,
        "TmsrDesignatedMw": 73.183,
        "TmnsrDesignatedMw": 145.3,
        "TmorDesignatedMw": 174.833,
        "TmsrClearingPrice": 0,
        "TmnsrClearingPrice": 0,
        "TmorClearingPrice": 0
      },
      {
        "BeginDate": "2025-10-01T23:00:00.000-04:00",
        "ReserveZoneId": 7000,
        "ReserveZoneName": "ROS",
        "TenMinSpinRequirement": 372.417,
        "Total10MinRequirement": 1487.917,
        "Total30MinRequirement": 2252.417,
        "TmsrDesignatedMw": 714.167,
        "TmnsrDesignatedMw": 1372.075,
        "TmorDesignatedMw": 1489.242,
        "TmsrClearingPrice": 0,
        "TmnsrClearingPrice": 0,
        "TmorClearingPrice": 0
      },
      {
        "BeginDate": "2025-10-01T23:00:00.000-04:00",
        "ReserveZoneId": 7001,
        "ReserveZoneName": "SWCT",
        "TenMinSpinRequirement": 0,
        "Total10MinRequirement": 0,
        "Total30MinRequirement": 737.817,
        "TmsrDesignatedMw": 134.317,
        "TmnsrDesignatedMw": 324.425,
        "TmorDesignatedMw": 234.675,
        "TmsrClearingPrice": 0,
        "TmnsrClearingPrice": 0,
        "TmorClearingPrice": 0
      },
      {
        "BeginDate": "2025-10-01T23:00:00.000-04:00",
        "ReserveZoneId": 7002,
        "ReserveZoneName": "CT",
        "TenMinSpinRequirement": 0,
        "Total10MinRequirement": 0,
        "Total30MinRequirement": 1413.05,
        "TmsrDesignatedMw": 181.017,
        "TmnsrDesignatedMw": 244.3,
        "TmorDesignatedMw": 191.617,
        "TmsrClearingPrice": 0,
        "TmnsrClearingPrice": 0,
        "TmorClearingPrice": 0
      },
      {
        "BeginDate": "2025-10-01T23:00:00.000-04:00",
        "ReserveZoneId": 7003,
        "ReserveZoneName": "NEMABSTN",
        "TenMinSpinRequirement": 0,
        "Total10MinRequirement": 0,
        "Total30MinRequirement": 1000,
        "TmsrDesignatedMw": 37.933,
        "TmnsrDesignatedMw": 72.425,
        "TmorDesignatedMw": 109.758,
        "TmsrClearingPrice": 0,
        "TmnsrClearingPrice": 0,
        "TmorClearingPrice": 0
      }
    ]
  }
}