{
  "FinalHourlyReservePrices": {
    "FinalHourlyReservePrice": [
      {
        "BeginDate": "2025-10-01T00:00:00.000-04:00",
        "ReserveZoneId": 7000,
        "ReserveZoneName": "ROS",
        "TenMinSpinRequirement": 373,
        "Total10MinRequirement": 1488.833,
        "Total30MinRequirement": 2256.917,
        "TmsrDesignatedMw": 711.783,
        "TmnsrDesignatedMw": 1107.775,
        "TmorDesignatedMw": 1731.858,
        "TmsrClearingPrice": 0,
        "TmnsrClearingPrice": 0,
        "TmorClearingPrice": 0
      },
      {
        "BeginDate": "2025-10-01T01:00:00.000-04:00",
        "ReserveZoneId": 7000,
        "ReserveZoneName": "ROS",
        "TenMinSpinRequirement": 373.083,
        "Total10MinRequirement": 1489.5,
        "Total30MinRequirement": 2257.583,
        "TmsrDesignatedMw": 842.467,
        "TmnsrDesignatedMw": 1108,
        "TmorDesignatedMw": 1775.767,
        "TmsrClearingPrice": 0,
        "TmnsrClearingPrice": 0,
        "TmorClearingPrice": 0
      },
      {
        "BeginDate": "2025-10-01T02:00:00.000-04:00",
        "ReserveZoneId": 7000,
        "ReserveZoneName": "ROS",
        "TenMinSpinRequirement": 372.917,
        "Total10MinRequirement": 1488.583,
        "Total30MinRequirement": 2256.75,
        "TmsrDesignatedMw": 1079.925,
        "TmnsrDesignatedMw": 1108.092,
        "TmorDesignatedMw": 1787.383,
        "TmsrClearingPrice": 0,
        "TmnsrClearingPrice": 0,
        "TmorClearingPrice": 0
      },
      {
        "BeginDate": "2025-10-01T03:00:00.000-04:00",
        "ReserveZoneId": 7000,
        "ReserveZoneName": "ROS",
        "TenMinSpinRequirement": 372.917,
        "Total10MinRequirement": 1488.5,
        "Total30MinRequirement": 2256.917,
        "TmsrDesignatedMw": 1271.95,
        "TmnsrDesignatedMw": 1108.1,
        "TmorDesignatedMw": 1804.383,
        "TmsrClearingPrice": 0,
        "TmnsrClearingPrice": 0,
        "TmorClearingPrice": 0
      },
      {
        "BeginDate": "2025-10-01T04:00:00.000-04:00",
        "ReserveZoneId": 7000,
        "ReserveZoneName": "ROS",
        "TenMinSpinRequirement": 372.583,
        "Total10MinRequirement": 1487.583,
        "Total30MinRequirement": 2255.333,
        "TmsrDesignatedMw": 1208.45,
        "TmnsrDesignatedMw": 1108,
        "TmorDesignatedMw": 1808.967,
        "TmsrClearingPrice": 0,
        "TmnsrClearingPrice": 0,
        "TmorClearingPrice": 0
      },
      {
        "BeginDate": "2025-10-01T05:00:00.000-04:00",
        "ReserveZoneId": 7000,
        "ReserveZoneName": "ROS",
        "TenMinSpinRequirement": 372.167,
        "Total10MinRequirement": 1486.833,
        "Total30MinRequirement": 2254.833,
        "TmsrDesignatedMw": 786.967,
        "TmnsrDesignatedMw": 1380.775,
        "TmorDesignatedMw": 1498.792,
        "TmsrClearingPrice": 0,
        "TmnsrClearingPrice": 0,
        "TmorClearingPrice": 0
      },
      {
        "BeginDate": "2025-10-01T06:00:00.000-04:00",
        "ReserveZoneId": 7000,
        "ReserveZoneName": "ROS",
        "TenMinSpinRequirement": 372.5,
        "Total10MinRequirement": 1487.5,
        "Total30MinRequirement": 2255.583,
        "TmsrDesignatedMw": 441.908,
        "TmnsrDesignatedMw": 1861.925,
        "TmorDesignatedMw": 575.858,
        "TmsrClearingPrice": 0,
        "TmnsrClearingPrice": 0,
        "TmorClearingPrice": 0
      },
      {
        "BeginDate": "2025-10-01T07:00:00.000-04:00",
        "ReserveZoneId": 7000,
        "ReserveZoneName": "ROS",
        "TenMinSpinRequirement": 372.5,
        "Total10MinRequirement": 1487.167,
        "Total30MinRequirement": 2255.167,
        "TmsrDesignatedMw": 652.4,
        "TmnsrDesignatedMw": 1626.05,
        "TmorDesignatedMw": 536.808,
        "TmsrClearingPrice": 0,
        "TmnsrClearingPrice": 0,
        "TmorClearingPrice": 0
      },
      {
        "BeginDate": "2025-10-01T08:00:00.000-04:00",
        "ReserveZoneId": 7000,
        "ReserveZoneName": "ROS",
        "TenMinSpinRequirement": 372.5,
        "Total10MinRequirement": 1487.833,
        "Total30MinRequirement": 2256.25,
        "TmsrDesignatedMw": 660.383,
        "TmnsrDesignatedMw": 1963.85,
        "TmorDesignatedMw": 742.275,
        "TmsrClearingPrice": 0,
        "TmnsrClearingPrice": 0,
        "TmorClearingPrice": 0
      },
      {
        "BeginDate": "2025-10-01T09:00:00.000-04:00",
        "ReserveZoneId": 7000,
        "ReserveZoneName": "ROS",
        "TenMinSpinRequirement": 372.083,
        "Total10MinRequirement": 1486.583,
        "Total30MinRequirement": 2255,
        "TmsrDesignatedMw": 688.267,
        "TmnsrDesignatedMw": 1275.275,
        "TmorDesignatedMw": 1475.642,
        "TmsrClearingPrice": 0,
        "TmnsrClearingPrice": 0,
        "TmorClearingPrice": 0
      },
      {
        "BeginDate": "2025-10-01T10:00:00.000-04:00",
        "ReserveZoneId": 7000,
        "ReserveZoneName": "ROS",
        "TenMinSpinRequirement": 372.333,
        "Total10MinRequirement": 1486.667,
        "Total30MinRequirement": 2255.167,
        "TmsrDesignatedMw": 665.533,
        "TmnsrDesignatedMw": 1060.725,
        "TmorDesignatedMw": 1653.475,
        "TmsrClearingPrice": 0,
        "TmnsrClearingPrice": 0,
        "TmorClearingPrice": 0
      },
      {
        "BeginDate": "2025-10-01T11:00:00.000-04:00",
        "ReserveZoneId": 7000,
        "ReserveZoneName": "ROS",
        "TenMinSpinRequirement": 371.833,
        "Total10MinRequirement": 1485.667,
        "Total30MinRequirement": 2253.583,
        "TmsrDesignatedMw": 747.817,
        "TmnsrDesignatedMw": 1058.908,
        "TmorDesignatedMw": 1726.017,
        "TmsrClearingPrice": 0,
        "TmnsrClearingPrice": 0,
        "TmorClearingPrice": 0
      },
      {
        "BeginDate": "2025-10-01T12:00:00.000-04:00",
        "ReserveZoneId": 7000,
        "ReserveZoneName": "ROS",
        "TenMinSpinRequirement": 372.25,
        "Total10MinRequirement": 1487.25,
        "Total30MinRequirement": 2253.917,
        "TmsrDesignatedMw": 1150.958,
        "TmnsrDesignatedMw": 842.133,
        "TmorDesignatedMw": 1903.675,
        "TmsrClearingPrice": 0,
        "TmnsrClearingPrice": 0,
        "TmorClearingPrice": 0
      },
      {
        "BeginDate": "2025-10-01T13:00:00.000-04:00",
        "ReserveZoneId": 7000,
        "ReserveZoneName": "ROS",
        "TenMinSpinRequirement": 372.167,
        "Total10MinRequirement": 1487.167,
        "Total30MinRequirement": 2253.25,
        "TmsrDesignatedMw": 1224.125,
        "TmnsrDesignatedMw": 741.05,
        "TmorDesignatedMw": 1975.017,
        "TmsrClearingPrice": 0,
        "TmnsrClearingPrice": 0,
        "TmorClearingPrice": 0
      },
      {
        "BeginDate": "2025-10-01T14:00:00.000-04:00",
        "ReserveZoneId": 7000,
        "ReserveZoneName": "ROS",
        "TenMinSpinRequirement": 372.833,
        "Total10MinRequirement": 1487.667,
        "Total30MinRequirement": 2253.833,
        "TmsrDesignatedMw": 1202.625,
        "TmnsrDesignatedMw": 743.4,
        "TmorDesignatedMw": 1973.2,
        "TmsrClearingPrice": 0,
        "TmnsrClearingPrice": 0,
        "TmorClearingPrice": 0
      },
      {
        "BeginDate": "2025-10-01T15:00:00.000-04:00",
        "ReserveZoneId": 7000,
        "ReserveZoneName": "ROS",
        "TenMinSpinRequirement": 372.333,
        "Total10MinRequirement": 1487,
        "Total30MinRequirement": 2252.583,
        "TmsrDesignatedMw": 587.033,
        "TmnsrDesignatedMw": 1613.675,
        "TmorDesignatedMw": 1170.875,
        "TmsrClearingPrice": 0,
        "TmnsrClearingPrice": 0,
        "TmorClearingPrice": 0
      },
      {
        "BeginDate": "2025-10-01T16:00:00.000-04:00",
        "ReserveZoneId": 7000,
        "ReserveZoneName": "ROS",
        "TenMinSpinRequirement": 372.167,
        "Total10MinRequirement": 1486.833,
        "Total30MinRequirement": 2252.833,
        "TmsrDesignatedMw": 552.258,
        "TmnsrDesignatedMw": 2200.4,
        "TmorDesignatedMw": 632.158,
        "TmsrClearingPrice": 0,
        "TmnsrClearingPrice": 0,
        "TmorClearingPrice": 0
      },
      {
        "BeginDate": "2025-10-01T17:00:00.000-04:00",
        "ReserveZoneId": 7000,
        "ReserveZoneName": "ROS",
        "TenMinSpinRequirement": 372.667,
        "Total10MinRequirement": 1487.833,
        "Total30MinRequirement": 2255,
        "TmsrDesignatedMw": 397.158,
        "TmnsrDesignatedMw": 1702.95,
        "TmorDesignatedMw": 568.2,
        "TmsrClearingPrice": 0,
        "TmnsrClearingPrice": 0,
        "TmorClearingPrice": 0
      },
      {
        "BeginDate": "2025-10-01T18:00:00.000-04:00",
        "ReserveZoneId": 7000,
        "ReserveZoneName": "ROS",
        "TenMinSpinRequirement": 372.583,
        "Total10MinRequirement": 1487.25,
        "Total30MinRequirement": 2255.083,
        "TmsrDesignatedMw": 322.325,
        "TmnsrDesignatedMw": 1208.892,
        "TmorDesignatedMw": 543.883,
        "TmsrClearingPrice": 0.11,
        "TmnsrClearingPrice": 0,
        "TmorClearingPrice": 0
      },
      {
        "BeginDate": "2025-10-01T19:00:00.000-04:00",
        "ReserveZoneId": 7000,
        "ReserveZoneName": "ROS",
        "TenMinSpinRequirement": 372.917,
        "Total10MinRequirement": 1488.25,
        "Total30MinRequirement": 2256.083,
        "TmsrDesignatedMw": 422.625,
        "TmnsrDesignatedMw": 986.933,
        "TmorDesignatedMw": 527.183,
        "TmsrClearingPrice": 0,
        "TmnsrClearingPrice": 0,
        "TmorClearingPrice": 0
      },
      {
        "BeginDate": "2025-10-01T20:00:00.000-04:00",
        "ReserveZoneId": 7000,
        "ReserveZoneName": "ROS",
        "TenMinSpinRequirement": 372.583,
        "Total10MinRequirement": 1487.917,
        "Total30MinRequirement": 2255.917,
        "TmsrDesignatedMw": 373.625,
        "TmnsrDesignatedMw": 1630.5,
        "TmorDesignatedMw": 655.642,
        "TmsrClearingPrice": 0.09,
        "TmnsrClearingPrice": 0,
        "TmorClearingPrice": 0
      },
      {
        "BeginDate": "2025-10-01T21:00:00.000-04:00",
        "ReserveZoneId": 7000,
        "ReserveZoneName": "ROS",
        "TenMinSpinRequirement": 372.417,
        "Total10MinRequirement": 1487.25,
        "Total30MinRequirement": 2255.25,
        "TmsrDesignatedMw": 381.558,
        "TmnsrDesignatedMw": 2141.992,
        "TmorDesignatedMw": 651.067,
        "TmsrClearingPrice": 0,
        "TmnsrClearingPrice": 0,
        "TmorClearingPrice": 0
      },
      {
        "BeginDate": "2025-10-01T22:00:00.000-04:00",
        "ReserveZoneId": 7000,
        "ReserveZoneName": "ROS",
        "TenMinSpinRequirement": 372.25,
        "Total10MinRequirement": 1487.083,
        "Total30MinRequirement": 2253.5,
        "TmsrDesignatedMw": 528.542,
        "TmnsrDesignatedMw": 2213,
        "TmorDesignatedMw": 643.233,
        "TmsrClearingPrice": 0,
        "TmnsrClearingPrice": 0,
        "TmorClearingPrice": 0
      },
      {
        "BeginDate": "2025-10-01T23:00:00.000-04:00",
        "ReserveZoneId": 7000,
        "ReserveZoneName": "ROS",
        "TenMinSpinRequirement": 372.417,
        "Total10MinRequirement": 1487.917,
        "Total30MinRequirement": 2252.417,
        "TmsrDesignatedMw": 714.167,
        "TmnsrDesignatedMw": 1372.075,
        "TmorDesignatedMw": 1489.242,
        "TmsrClearingPrice": 0,
        "TmnsrClearingPrice": 0,
        "TmorClearingPrice": 0
      }
    ]
  }
}